sehir,isim,ilce,adres
Bursa,"
Karinna Otel
",Bursa,"2. Gelişim Bölgesi Volfram Yolu Uludağ, Osmangazi"
Bursa,"
Green Prusa Hotel
",Bursa,Sakarya Mah. Ulubatlı Hasan Bulvarı No: 80/1
Diyarbakır,"
The Green Park Diyarbakir
",Diyarbakır,Gazi Cad. No:101 Diyarbakır Merkez
Erzurum,"
Dedeman Palandoken
",Erzurum,Kayak Yolu Palandoken
Eskişehir,"
Verman Otel
",Eskişehir,Yeni Bağlar Mah. Uludağ Sok. No:2 Tepebaşı
Kayseri,"
Bent Hotel
",Kayseri,Gevher Nesibe Mahallesi Ataturk Bulvari 40
Kerpe,"
Verd Hotel
",Kerpe,Kincilli Koyu Pasaagzi Mevkii
Şanlıurfa,"
Halfeti Socrates Antik Konukevleri
",Şanlıurfa,Eski Halfeti Simaliye Mah. Orta Cad. No:13/1 Eski Halfeti
Edremit,"
Elmalı Hotel
",Edremit,Yeniköy Mahallesi Elmalı Köyü Yolu Üzeri No:1
Tekirdağ,"
Sherwood Pansiyon
",Tekirdağ,Gazioğlu Köyü Sahil Mah. Cicioğlu Sitesi Tekirdağ Merkez
Midyat,"
Midyat Gap Hotel
",Midyat,"Batman Yolu Uzeri, No:202"
Arapgir,"
Arapgir Nazar
",Arapgir,"Berenge mh., NamIk Gedik str. No:4"
Malatya,"
Anatolia Butik Hotel
",Malatya,Çevre Yolu No:90 Malatya Merkez
Malatya,"
Grand Sinan Hotel
",Malatya,Atatürk Cad. No:6 Malatya Merkez
Malatya,"
City Kent Hotel
",Malatya,"Dabakhane Mh., PTT Sk No:1"
Malatya,"
Malatya Palace Hotel
",Malatya,Ptt Caddesi No:20
Malatya,"
Remark Hill Hotel
",Malatya,Fuar Yolu 5 Km.
Malatya,"
Hotel Avşar
",Malatya,Çevre Yolu Malatya Merkez
Malatya,"
Asilzade Hotel
",Malatya,"Ismetiye Mahallesi Y. Karaaslan Is Merkezi, No : 19 Merkez"
Darende,"
Tiryandafil Otel
",Darende,Heyik Eteği Mah. Somuncu Baba Bulv. No:84 Darende Merkez
Malatya,"
Hanem Hotel
",Malatya,Fuzuli Cad. No:13
Malatya,"
Anemon Malatya
",Malatya,Ankara Karayolu 5. Km. Malatya Merkez
Malatya,"
Büyük Otel
",Malatya,Yeni Cami Mevki No: 1 Malatya Merkez
Mardin,"
Gazi Konağı
",Mardin,Şehidiye Mahallesi 1. Cad Üçyol Mevkii
Mardin,"
Antik Tatlidede Konagi
",Mardin,Ulucami Mah. 104 Sok. No 27
Mardin,"
Zinciriye Hotel
",Mardin,Zinciriye Medresesi Karsisi Medrese Mahallesi Sok 243 No 13
Mardin,"
Dara Konagi
",Mardin,Sehidiye Mah. Unsaldi 39. Sok. No:13
Midyat,"
Grand Estel Hotel
",Midyat,Mardin Cad. No:10 Midyat Merkez
Mardin,"
Buyuk Mardin Otel
",Mardin,Yeniyol Caddesi Meteoroloji YanI
Mardin,"
Bilem Otel
",Mardin,Vali Ozan Cad. Mardin Merkez
Midyat,"
Matiat Hotel
",Midyat,Mardin Yolu 4. Km. Midyat Merkez
Mardin,"
Yay Grand Hotel
",Mardin,Diyarbakır Yolu 1. Km. Mardin Merkez
Nusaybin,"
kasri sercehan hotel
",Nusaybin,cumhuriyet meydanı
Midyat,"
Turabdin Hotel
",Midyat,Isiklar Mah.Manastir Cd No:17
Mardin,"
Erdoba Evleri
",Mardin,1 Cadde No 135
Midyat,"
Otel Kasr-ı Nehroz
",Midyat,Işıklar Mah. 219. Sok. No:14 Midyat Merkez
Mardin,"
Artuklu Kervansarayı
",Mardin,"Savurkapı Mah. 1. Cad. No:70 Savurkapı, Mardin Merkez"
Midyat,"
Shmayaa Hotel
",Midyat,Akçakaya Mah. Kışla Cad. 126 Sok. No12
Mardin,"
Maridin Butik Otel
",Mardin,Diyarbakir Kapi Mah.1 Cad. No:455
Mardin,"
İzala Hotel
",Mardin,Medrese mahallesi 1. cadde no:156
Mardin,"
Erdoba Elegance Convention Center
",Mardin,Yalımkoy Mevkii 3 km
Tekirdağ,"
Poyraz Butik Hotel
",Tekirdağ,"Baglarderesi Mevkii, Kumsal sokak, yeni Camii karsisi, Sahil Marmara Ereglisi / Tekirdag"
Yeniciftlik,"
Hotel Ennis Inn
",Yeniciftlik,"Sahil Yolu Mevkii, Millet Cad. No 303"
Tekirdağ,"
Hotel 59
",Tekirdağ,"Cengiz Topel Meydani, Muratli Cad. Ahmet Bey Bayiri No:2"
Tekirdağ,"
Rodosto Hotel
",Tekirdağ,Iskele Cad. No 34
Çorlu,"
Hotel Sefa 2
",Çorlu,Kazimiye Mah. Salih Omurtak Cad. No: 44 (Total Benzinlik Karsisi)
Tekirdağ,"
Yayoba Hotel
",Tekirdağ,Malkara Yolu 4 KmTekirdağ Merkez
Balıkesir İli,"
Ayberk Otel
",Balıkesir İli > ,"Deniz Mah. Atatürk Cad. Avşa, Marmara"
Balıkesir İli,"
Hotel Arteka
",Balıkesir İli > ,Çuğra Mevki Ali Haydar Sarı Sahil Parkı Erdek Merkez
Çorlu,"
Hotel Sefa 1
",Çorlu,Muhittin Mah. Salih Omurtak Cad. No: 43 Halk Egitim Mrk
Çerkezköy,"
Pasha Hotel Cerkezkoy
",Çerkezköy,District Fevzipasa Guvenis Street W/S/H Road No: 80
Çorlu,"
Elit Otel
",Çorlu,"Muhittin Mah. Hacı Salih Sok. No:6 Sanayi, Çorlu"
Çerkezköy,"
City Hotel
",Çerkezköy,Ataturk Caddesi No 97
Çerkezköy,"
Business Suite Hotel
",Çerkezköy,"Ismet Pasa Mah. Bulent Ecevit, Cd. 33 Sk. No 3"
Çorlu,"
Shilla Hotel
",Çorlu,Corlu Cerkezkoy Yolu Velimese Istasyonu Karsisi 1. Cad. No: 1
Çerkezköy,"
Golden Palas Hotel
",Çerkezköy,G.O. Pasa Mah. Ataturk Cad. No 121 (Across Kipa) Cerkezko
Çerkezköy,"
Gabrali Otel
",Çerkezköy,Ataturk Cad. No:45
Tekirdağ,"
Golden Yat Hotel
",Tekirdağ,Ertuğrul Mah. Yali Cad. No:21 Süleymanpasa/Tekirdağ
London Özel Konaklamalar,"
Sheltowee Camp
",London,124 London Dock Rd
Caryville Oda ve Kahvaltı / Pansiyon,"
Budget Host Inn
",Caryville,115 Woods Ave.
Harlan Oda ve Kahvaltı / Pansiyon,"
Mount Aire Motel
",Harlan,355 Skidmore Drive
Cumberland Gap Oda ve Kahvaltı / Pansiyon,"
Cumberland Gap Inn
",Cumberland Gap,630 Brooklyn St
Clinton Kamp Alanları,"
Clinton / Knoxville North KOA
",Clinton,2423 N Charles Seivers Blvd.
Bronston Oda ve Kahvaltı / Pansiyon,"
The Acorn and Fox Inn
",Bronston,85 Noble Oaks Drive
Burnside Oda ve Kahvaltı / Pansiyon,"
Eagles View Bed & Breakfast
",Burnside,45 Glen Eagle Drive
Cumberland Gap Oda ve Kahvaltı / Pansiyon,"
The Olde Mill Inn Bed & Breakfast
",Cumberland Gap,603 Pennlyn Ave
Stearns Oda ve Kahvaltı / Pansiyon,"
Big South Fork Motor Lodge
",Stearns,Bruce Street
Van,"
Madi Otel
",Van,"Emin Paşa Mah. Edremit Yolu 5. Km. İskele, Van Merkez"
Van,"
Akdamar Otel
",Van,Kazım Karabekir Cad. No:9
Van,"
Yakut Otel
",Van,Kazım Karabekir Cad. Ptt Sok. No:8 Van Merkez
Van,"
Hotel Dosco
",Van,Valimithatbey mah. Kocibey cad. no 22 Ipekyolu
Edremit,"
Merit Şahmaran Hotel
",Edremit,Yeni Mah. Sahil Cad. No:60 Edremit Merkez
Van,"
Hotel Ilvan
",Van,Kazım Karabekir Cad Türkoğlu
Van,"
Menua Hotel
",Van,Serefiye mah. Zerbank sok. No:15/A
Van,"
Büyük Urartu Otel
",Van,Cumhuriyet Cad. No:32 Van Merkez
Van,"
Büyük Asur Hotel
",Van,Cumhuriyet Cad. Turizm Sok. No:5 Van Merkez
Van,"
Tamara Otel
",Van,Bahçıvan Mah. Kazım Karabekir Cad. Yüzbaşıoğlu Sok. No:1 Van Merkez
Van,"
Mavi Tuana Hotel
",Van,Bahcivan Mah. Zubeyde Hanim Cad No: 26
Van,"
Rescate Hotel
",Van,Ipekyolu Cad. Suphan Mah. Edremit Yolu Uzeri 8 KM
Van,"
Elite World Van
",Van,Bahcivan Mah. Kazimkarabekir Bulvari No: 67
Kahramanmaraş,"
Hotel Alcazar
",Kahramanmaraş,Ismetpasa Mah. Trabzon Cad.Valilik Karsisi
Kahramanmaraş,"
Otel Blc
",Kahramanmaraş,Isa Divanli Mahallesi Seyhadil Caddesi No:33/A
Kahramanmaraş,"
Büyük Maraş Oteli
",Kahramanmaraş,Yenisehir Mah. Egemenlik Cad. No:7 Merkez
Elbistan,"
Sword Hotel
",Elbistan,Gunesli Mah. Azerbaycan Cad
Kahramanmaraş,"
Hotel La Ville
",Kahramanmaraş,Menderes Mah. Trabzon Cad. No: 82
Kahramanmaraş,"
Sular Hotel
",Kahramanmaraş,Kurtulus Mah Seyadil Cd No:2
Şanlıurfa,"
Hotel Ugur
",Şanlıurfa,Koprubasi Cad. No:3
Kahta,"
New Kommagene Hotel
",Kahta,Yavuz Selim Mahellesi M. Kemal Cad. No:3 Adiyaman
Şanlıurfa,"
Otel Güven
",Şanlıurfa,Atatürk Bulvarı Sarayönü Caddesi No 78
Şanlıurfa,"
Hotel Gulpalas
",Şanlıurfa,"Sarayönü cad 916,sok no3, ( Yusufpaşa Camii Yanı )"
Şanlıurfa,"
Cevahir Konuk Evi
",Şanlıurfa,Buyukyol Cad. Selahaddin Eyyubi Camii Karsisi
Şanlıurfa,"
Aslan Konuk Evi
",Şanlıurfa,12 Eylul Cad. (Demokrasi Cad.) 1351 Sok. No:10
Şanlıurfa,"
Nevali Hotel
",Şanlıurfa,Abide Kavsagi
Şanlıurfa,"
Manici Hotel
",Şanlıurfa,"Bıçakçı Mah. Balıklı Göl Mevki Çarşı, Şanlıurfa Merkez"
Siverek,"
Siverek Otel
",Siverek,Camikebir Mah. Inonu Bulvari No: 27/1
Şanlıurfa,"
Asur Otel
",Şanlıurfa,"Cumhuriyet Cad. No:167 Şanlıurfa Merkez, Şanlıurfa Merkez"
Şanlıurfa,"
Beyzade Konak
",Şanlıurfa,Sarayönü Cad. Beyaz Sok. No:14
Şanlıurfa,"
Kilim Otel
",Şanlıurfa,Atatürk Bulv. Şube Sok. No:6 Şanlıurfa Merkez
Şanlıurfa,"
Grand Urfa Hotel
",Şanlıurfa,İpek Yolu Cad. No:48/A Şanlıurfa Merkez
Şanlıurfa,"
Hotel Rabis
",Şanlıurfa,Sarayönü Cad. Şanlıurfa Merkez
Halfeti,"
Halfeti Sahin Hotel
",Halfeti,Eski Halfeti
Şanlıurfa,"
Harran Hotel
",Şanlıurfa,Atatürk Bulv. Şanlıurfa Merkez
Şanlıurfa,"
İpek Palas Otel
",Şanlıurfa,Şanlıurfa Merkez
Şanlıurfa,"
Hotel Arte
",Şanlıurfa,Ataturk Bulvari Sinema Sokak
Şanlıurfa,"
El Ruha Hotel
",Şanlıurfa,Balıklıgöl Yeni Mah. Lekler Cad. No:240
Şanlıurfa,"
Edessa City Hotel
",Şanlıurfa,Balikli Gol Cad Balikligol Yani F/ 30
Şanlıurfa,"
Hilton Garden Inn
",Şanlıurfa,"Karakoyun Mah. 11 Nisan Fuar Cad. No:54 Valilik, Şanlıurfa Merkez"
Konya,"
Hotel Sato
",Konya,İstanbul Cad. Menemen Sok. No 17 Karatay Merkez
Ilgin,"
Grand İpek Palas Termal Hotel
",Ilgin,Ilıca Mah. Kaplıca Civarı Mevki Ilgın Merkez
Konya,"
Mevlevi Hotel
",Konya,Aziziye Mah. Cengaver Sok No:1 Karatay / Konya
Konya,"
Mevlana Sema Otel
",Konya,"Mevlana Cad. No:67 Karatay Merkez, Karatay"
Konya,"
Otel Bey
",Konya,Yeni Aziziye Cad. Ayan Bey Sok. No 4 Karatay Merkez
Konya,"
Otel Mevlana
",Konya,İstanbul Cad. İstanbul Sok. No:2 Konya Merkez
Konya,"
Nil Otel
",Konya,Kayali Park Civari Iplikci Cami Arkasi
Konya,"
Otel Derya
",Konya,"Aziziye Mah. Ayan Bey Sok. No:15 Karatay Merkez, Karatay"
Konya,"
Konya Dervish Otel
",Konya,Aziziye Mah Gungor Sk. No: 7
Konya,"
Deluxe Hotel
",Konya,Aziziye Mah Ayan Bey Sokak No 22
Konya,"
Augustus Boutique Hotel
",Konya,Seyh Sadrettin Mah Alay Cad No: 8
Konya,"
Hotel Anı
",Konya,Şems Cad. No:8
Konya,"
Yeni Köşk Esra Hotel
",Konya,"Aziziye Mah. Kadılar 2 Sok. No:7 Karatay Merkez, Karatay"
Meram,"
Sema Hotel
",Meram,Yeni Meram Yolu No:2 Meram Merkez
Konya,"
Adnan Bey Hotel
",Konya,Nakipoğgu Mh.SultanVeled Cd.No:6
Boğazkent,"
Club Victoria Hotel
",Boğazkent,seaside
Konya,"
Baykara Hotel
",Konya,"İstanbul Cad. No:133 Karatay Merkez, Karatay"
Boğazkent,"
Vera Club Hotel Paradiso
",Boğazkent,Bogazkent Belek Serik
Konya,"
Hotel Ozkaymak Konya
",Konya,Nakaci Caddesi No 92
Konya,"
Meram Park Hotel
",Konya,Sukran Mah. Aladdin Bulvari No:33
Konya,"
Özkaymak Park Otel
",Konya,"Ferit Paşa Mah. Gürağaç Sok. No:1 Nalçacı, Selçuklu"
Beyşehir,"
Anadolu Penta Hotel
",Beyşehir,Icerisehir Mah.Sarkikaraagac Cad.No:29 Beysehir
Konya,"
Otel Selçuk
",Konya,"Şans Mah. Alaaddin Cad. Mazhar Babalık Sok. No:4 Karatay Merkez, Karatay"
Konya,"
Hotel Balikcilar
",Konya,Mevlana Türbesi Cad. No 2
Konya,"
Otel Ulusan Konuk Evi
",Konya,Şükran Mah. Kurşuncular Sok. No:4 Meram Merkez
Konya,"
Gherdan Otel
",Konya,Doc. Dr. Halil Urun Caddesi
Beyşehir,"
Ali Bilir Otel
",Beyşehir,Dalyan Mh. Bilir Sk. No:1
Konya,"
Otel Selcuk Sems-i Tebrizi
",Konya,Sems-i Tebrizi Mah. Mevlana Cad. Kazanli Sk. No: 6
Konya,"
Pasapark Hotel
",Konya,Semsi Tebrizi Mah. Sultan Veled Cad. No 3
Boğazkent,"
Aydinbey Famous Resort
",Boğazkent,Bogazkoy Mevkii Serik
Konya,"
Anemon Konya
",Konya,"Iklar Mahallesi Belen Sokak 3, Selcuklu"
Konya,"
Hotel Rumi
",Konya,Aziziye Mh. Fakih Sk. No 3
Konya,"
Dedeman Konya Hotel & Convention Center
",Konya,Esenler Mah. Yeni Sille Cad. No:1
Kartepe,"
Cevizdibi Hotel
",Kartepe,Masukiye Soguksu Mah. Sapanca Yolu Cad. No:826
Karamürsel,"
Başdeğirmen
",Karamürsel,Akçat Beldesi Yolu 8 Km. Karamürsel Merkez
İzmit,"
Balturk House Hotel
",İzmit,Yenisehir Mah.Seymen Cad. No:39
Gebze,"
Titanic Anadolu Gebze
",Gebze,Anadolu Cad. No:1 Bayramoglu Cikisi Cayirova
İzmit,"
Otel Altınnal
",İzmit,Alemdar caddesi no. 7
Darıca,"
Hotel North Star
",Darıca,Bayramoğlu Mah. Fatih Sultan Mehmet Cad. No:196
Gebze,"
Gebze Palas Hotel
",Gebze,Kosklu Cesme Mah. Bagdat Cad. No:222
İzmit,"
Kocaeli Universitesi Derbent Uygulama Oteli
",İzmit,Korfez Mah. Omer Yalcin Cad
İzmit,"
Emex Otel
",İzmit,Sanayi Mah. Ömer Türkçakal Bulv. No:26 İzmit Merkez
Kartepe,"
Green Park Resort Kartepe
",Kartepe,Masukiye Beldesi Kartepe Mevkii
Gebze,"
Hotel Delta YSS
",Gebze,Muallim Köy Kalaycı Kuyusu Mevki
İzmit,"
Baltürk Otel
",İzmit,Yahya Kaptan Mah. Şehit Ergün Köncü Sok. No 38 Yenişehir
Şekerpınar,"
BEST WESTERN PLUS Hotel Şekerpınar
",Şekerpınar,"Cumhuriyet Mahallesi, Muhsin Yazicioglu Cad., No. 115"
Gebze,"
Life Port Hotel
",Gebze,Çiçeklidere Mevkii
Başiskele,"
Wellborn Luxury Hotel
",Başiskele,Sahil Mahallesi Cevher Dudayev Caddesi 53
Darıca,"
Otel Yelkenkaya
",Darıca,Bayramoğlu Mevki Piri Reis Mah. Yelken Kaya Cad. No: 69
İzmit,"
Imperial Park Hotel
",İzmit,Yenisehir Mah Gazi Mustafa Kemal Pasa Bulvari Konak Sk No: 19
Kayseri,"
Kapuzbasi Selale Motel
",Kayseri,Buyuk Cakir Koyu Yahyali
Kayseri,"
Azade Otel
",Kayseri,Gevher Nesibe Mh. Donanma Cd. N:11
Kayseri,"
Real House Boutique Hotel
",Kayseri,Cengiz Topel Mah. Kocasinan Bulvarı. No: 315
Kayseri,"
Buyuk Hotel
",Kayseri,Inonu Bulvari No:55 Melikgazi
Kayseri,"
Lifos Hotel
",Kayseri,Çevre Yolu Kocasinan Bulv. No:78 Kocasinan Merkez
Göreme,"
Village Cave House Hotel
",Göreme,Gaferli Mah. No 18
Avanos,"
Kirkit Pension
",Avanos, 
Kayseri,"
La Casa Hotel
",Kayseri,Haci Saki Mahallesi Ataturk Bulvari No 5
Kayseri,"
Kıranatlı hotel
",Kayseri,Kocasinan bulvarı No:72
Kayseri,"
Hotel Kadıoğlu
",Kayseri,KicikapI Serdar Cad. No 45
Kayseri,"
Hotel Ayata
",Kayseri,Osman Kavuncu Cad. No100
Kayseri,"
Atalay Hotel
",Kayseri,Gevher Nesibe Mah. Donanma Cad. No: 12
Kayseri,"
Diamond Hotel
",Kayseri,Osman kavuncu Bulvari No 107
Kayseri,"
Kayseri Park Hotel
",Kayseri,Osm. Kavuncu Bul. No. 79
Kayseri,"
City One Hotel
",Kayseri,Eski Sanayi Bolgesi 2 Cad. No:11 Kocasin
Kayseri,"
Grand Eras Hotel
",Kayseri,Şehit Miralay Nazım Bey Cad. No:6
Kayseri,"
Grand Eras Erciyes Otel
",Kayseri,"Tekir Yaylası Erciyes Dağı Develi Merkez, Develi"
Kayseri,"
My Liva Hotel
",Kayseri,Kocasinan Bulvari No 58
Kayseri,"
Kayseri Kosk Hotel
",Kayseri,Cumhuriyet Mahallesi Ugur Sokak No:12
Kayseri,"
Gevher Hotel
",Kayseri,"Necip Fazil Bulvari No:39, Melikgazi"
Kayseri,"
Imamoglu Pasa Hotel
",Kayseri,Kocasinan Bulvari No:24 Kocasinan
Kayseri,"
Nüzhet Otel
",Kayseri,"Fatih Mah. Kocasinan Bulv. No:128 Sanayi, Kocasinan"
Kayseri,"
Mirada Del Lago Hotel
",Kayseri,Melik Gazi Ilcesi Tekir Yaylasi
Kayseri,"
Almer Hotel
",Kayseri,"Osman Kavuncu Cad. Düven Önü Meydanı Melikgazi Merkez, Melikgazi"
Kayseri,"
Ommer Hotel
",Kayseri,Osman Kavuncu Bulvari No 425
Kayseri,"
Novotel Kayseri
",Kayseri,"Yeni Pervane Mah. Kocasinan Bulv. No:163 Argıncık, Kocasinan"
Kayseri,"
Hilton Kayseri
",Kayseri,"Gevher Nesibe Mah. Cumhuriyet Meydanı Tekin Sok. No:2 Kocasinan Merkez, Kocasinan"
Kayseri,"
İbis Otel
",Kayseri,"Yeni Pervane Mah. Kocasinan Bulv. No:163 Argıncık, Kocasinan"
Gaziantep,"
Beger Otel
",Gaziantep,İstasyon Mahallesi Cumhuriyet Caddesi No:76
Gaziantep,"
Royal Gaziantep Hotel
",Gaziantep,"İncilipınar Mah. Kıbrıs Cad. No 9 Alleben, Şehitkamil"
Gaziantep,"
Beliz Hotel
",Gaziantep,"Bey Mahallesi Mehmet Tevfik Uygunlar Sokak No:12, Sahinbey"
Gaziantep,"
Asude Konak
",Gaziantep,"Şekeroğlu Mah. Millet Sok. No:20 Tabakhane, Şahinbey"
Gaziantep,"
Anadolu Evleri
",Gaziantep,"Şekeroğlu Mah. Köroğlu Sok. No:6 Tabakhane, Şahinbey"
Şahinbey,"
Ali Bey Konağı
",Şahinbey,Tışlaki Mah. Kafadar Sok No 6
Gaziantep,"
Zeynep Hanim Konagi
",Gaziantep,Bey Mah. Ataturk Bulv Eski Sinema Sok. No 17
Gaziantep,"
Gap Otel
",Gaziantep,"Bey Mah. Atatürk Bulv. No:10 Şahinbey Merkez, Şahinbey"
Şahinbey,"
Hotel Büyük Veliç
",Şahinbey,Türkmenler Cad. No:33 Şahinbey Merkez
Gaziantep,"
Gaziantep Plaza Hotel
",Gaziantep,incilipınar Mah. Nail Bilen Cad. No:3
Gaziantep,"
Velic Village Kirevleri
",Gaziantep,Durantas Mah. Er Cad. No:23 Sahinbey
Gaziantep,"
The Anatolian Hotel
",Gaziantep,"Mücahitler Mah. Gazi Muhtar Paşa Bulv. No:50 Alleben, Şehitkamil"
Gaziantep,"
Yesemek Otel
",Gaziantep,Çukur Mah. İsmail Say Sok. No:4
Şahinbey,"
Ugurlu Thermal Resort
",Şahinbey,Burc Kasabasi Yolu Durantas Mevkii Er Caddesi No: 23
Şahinbey,"
Uğurlu Hotel
",Şahinbey,Bey Mah. Kayacık Sok. No:14 Şahinbey Merkez
Gaziantep,"
Dedeman Gaziantep Hotel
",Gaziantep,Nesimi Mahallesi Gaziantep Caddesi No: 160
Gaziantep,"
Teymur Continental
",Gaziantep,Gazi Muhtar Pasa Blv. 9.Cd No:33
Şahinbey,"
Kaleli Hotel
",Şahinbey,Hürriyet Cad. Güzelce Sok. No:50
Gaziantep,"
Elit Class Residence Apart
",Gaziantep,Sani Konukoglu Bul. 79021 Sk No 65 Sehitkamil
Gaziantep,"
Met Gold Hotel Gaziantep
",Gaziantep,Suburcu Caddesi Camurcu Sokak No 1
Şahinbey,"
Tilmen Hotel
",Şahinbey,Inonu Cad. No 168
Gaziantep,"
Safir Otel
",Gaziantep,Sani Konukoglu BulvarI No : 38 ( Ipekyolu ) PK: 27500 Sehitkamil
Gaziantep,"
Belkıs Han
",Gaziantep,"Bey Mah. Kayacık Ara Sok. No:16 Şahinbey Merkez, Şahinbey"
Gaziantep,"
Sirehan Hotel
",Gaziantep,Ismet Pasa Mah. Eski Belediye Cad. No:1 Sahinbey
Gaziantep,"
Tugcan Hotel
",Gaziantep,Ataturk Bulvari No:34
Gaziantep,"
Hotel Novotel Gaziantep
",Gaziantep,"Yaprak Mah. İstasyon Cad. No:80/A Alleben, Şehitkamil"
Gaziantep,"
Divan Hotel Gaziantep
",Gaziantep,Mucahitler Mahallesi Sani Konukoglu Bulvari No: 92/A
Gaziantep,"
Dedeman Park Gaziantep
",Gaziantep,"Mucahitler Mahallesi 9, Sokak No: 30 Sehitkamil"
Gaziantep,"
İbis Otel Gaziantep
",Gaziantep,Yaprak Mah. İstasyon Cad. No:76/A Şehitkamil Merkez
Eskişehir,"
Hotel Tekinogullari
",Eskişehir,Istasyon Cad. No:19
Eskişehir,"
Cinas Hotel
",Eskişehir,Sevdik Sk. No. 16
Eskişehir,"
Has Otel Termal
",Eskişehir,Hamam Yolu Cad. No:7 Eskişehir Merkez
Eskişehir,"
Han Royal Hotel
",Eskişehir,Dede Mah. Kalender Sok. No 5
Eskişehir,"
Arslanli Konak Otel
",Eskişehir,Pasa Mh.Kemal Zeytinoglu Cad. No:33
Eskişehir,"
SRF Hotel
",Eskişehir,Istiklal Mah Resadiye Esnafi Sokak No 39
Eskişehir,"
Zin Hotel Eskisehir
",Eskişehir,Sivrihisar Caddesi No 102
Eskişehir,"
Sahin Park Hotel
",Eskişehir,Asarcikli Cad. No:80
Eskişehir,"
Saffron Eskisehir
",Eskişehir,Sivrihisar Cad. No:119
Eskişehir,"
Sor Hotel Eskisehir
",Eskişehir,Yenibaglar Mah. Universite Cd. No:77
Eskişehir,"
Gurgenci Apart Hotel
",Eskişehir,Muttalip Cad.No 2
Eskişehir,"
Soyic Hotel
",Eskişehir,Yunus Emre Cad. No 95
Eskişehir,"
Atışkan Hotel
",Eskişehir,Yunusemre Cad No 87
Eskişehir,"
Madame Tadia Otel
",Eskişehir,Hosnudiye mah Safiyet Sok No: 55 ( Tren Garı karşısı )
Eskişehir,"
Eskisehir Buyuk Hotel
",Eskişehir,Sivrihisar Cad.No: 40
Eskişehir,"
Grand Namlı Otel
",Eskişehir,Eskibağlar Mah. Üniversite Cad. No:14
Eskişehir,"
Abacı Konak Otel
",Eskişehir,Akarbaşı Mah. Türkmen Hoca Sok. No:29
Eskişehir,"
Bello Butik Otel
",Eskişehir,Ihsaniye Mahallesi
Eskişehir,"
Divan Express Eskişehir
",Eskişehir,Hosnudiye Mah. 738. Sk. No:7 Tepebasi Eskisehir
Eskişehir,"
Anemon Hotel Eskisehir
",Eskişehir,Camlica Mahallesi Mustafa Pasa Sokak No:61
Eskişehir,"
Roof Garden Hotel
",Eskişehir,Buyukdere Mh. Sarilar Sk. No. 4
Eskişehir,"
Rixos Eskişehir
",Eskişehir,"Dede Mahallesi, Haktanir Sokak.No:1- Bademlik Odunpazari"
Eskişehir,"
İbis Hotel
",Eskişehir,Hoşnudiye Mah. Siloönü Sok. No:5 Eskişehir Merkez
Erzurum,"
Dedeman Palandöken Ski Lodge
",Erzurum,Palandöken Kayak Merkezi İbrahim Polat Cad. Palandöken
Erzurum,"
Palan Otel
",Erzurum,"İbrahim Polat Cad. Palandöken, Palandöken"
Erzurum,"
Xanadu Snow White
",Erzurum,Palandoken Kayak Merkezi
Erzurum,"
Hotel Yesil Artvin
",Erzurum,Alipasa Mahallesi Ibrahim Hakki Caddesi No:2
Erzurum,"
Esadaş Otel
",Erzurum,Cumhuriyet Cad. No:7/A Erzurum Merkez
Erzurum,"
Kral Otel
",Erzurum,Erzincan Kapı Cad. No:18 Erzurum Merkez
Erzurum,"
Otel Amiller
",Erzurum,Kazım Karabekir Cad. No:27 Erzurum Merkez
Erzurum,"
Yeni Ornek Hotel
",Erzurum,Kazım Karabekir Cad. No 29
Erzurum,"
Otel Dilaver
",Erzurum,Aşağı Mumcu Cad. Pelit Meydanı No:59 Erzurum Merkez
Erzurum,"
Hekimoğlu Otel
",Erzurum,Gez Mah. Kazım Karabekir Cad. No:66 Erzurum Merkez
Erzurum,"
Rafo Hotel
",Erzurum,Asagi Mumcu Mah.Milletbahce Sok. No 25
Diyarbakır,"
Hotel Park Vadi
",Diyarbakır,Hotel Park Vadi Inönü Cad. No: 1 Dörtyol Dagkapi
Diyarbakır,"
Hotel Birkent
",Diyarbakır,Inonu Caddesi Nr. 26
Diyarbakır,"
Grand Guler Otel
",Diyarbakır,"13, Kibris Caddesi"
Diyarbakır,"
Hotel Kaya
",Diyarbakır,Inonu Cad. No: 2
Diyarbakır,"
Malabadi Otel
",Diyarbakır,Urfa Yolu 1. Km. Diyarbakır Merkez
Diyarbakır,"
Madi Hotel
",Diyarbakır,Dagkapi Dortyol Inonu Cad. No: 1
Diyarbakır,"
Diyarbakir Prestige Hotel
",Diyarbakır,Gevran Cad. No. 2 Ofis
Diyarbakır,"
Derya Hotel
",Diyarbakır,Inonu Cad. No.13
Diyarbakır,"
Dedeman Diyarbakır
",Diyarbakır,Elazığ Cad. Diyarbakır Merkez
Diyarbakır,"
Hotel Seker
",Diyarbakır,Inonu Caddesi No 19
Diyarbakır,"
Surkent Otel
",Diyarbakır,Dağkapı Mah. Hz. Süleyman Cad. No:19 Diyarbakır Merkez
Diyarbakır,"
Liluz Hotel
",Diyarbakır,Hz. Suleyman Cd. No:8
Diyarbakır,"
Hilton Garden Inn Diyarbakir
",Diyarbakır,Yenisehir Mah. Dr. Seref Inaloz Cad
Diyarbakır,"
Dies Hotel
",Diyarbakır,Ali Emri 6. Sok. NO:11/A
Bursa,"
Huzur Termal Otel
",Bursa,Çekirge Mah. 1 Murat Cad. No. 31
Bursa,"
Uslan Hotel
",Bursa,Gelisim Bolgesi Uludag
Bursa,"
Hotel Kirci
",Bursa,Cekirge Cd. No 21
Bursa,"
Genç Yazıcı Otel
",Bursa,1. Gelişim Oteller Bölgesi
Bursa,"
Black Cloud Hotel
",Bursa,Ulubatl_ Hasan Bulvar_ No : 33 Osmangazi
Bursa,"
Grand Yazıcı Hotel
",Bursa,1. Gelişim Bölgesi Uludağ
Bursa,"
Hotel Buyukyildiz
",Bursa,Uludag Caddesi no 16
Bursa,"
Atlas Hotel
",Bursa,Hamamlar Cad. No:29
Bursa,"
Adapalas Otel
",Bursa,1. Murat Cad. No:21
Osmangazi,"
Grand Heykel Hotel
",Osmangazi,Ressam Sefik Bursali Cd. No:30
Bursa,"
Hotel Bursa City
",Bursa,Sehrekustu Mah Durak Cad No: 15 Osmangazi
Bursa,"
Gorukle Oruc Hotel & Spa
",Bursa,Dumlupinar Mahallesi Iskele Sokak No. 13
Bursa,"
Hotel Gönlüferah City
",Bursa,1. Murat Cad. No: 20
Bursa,"
Hotel Anatolia
",Bursa,Zubeyde Hanim Caddesi
Bursa,"
Kervansaray Termal Hotel
",Bursa,"Çekirge Meydanı Çekirge, Osmangazi"
Bursa,"
Kardes Hotel
",Bursa,Ahmetpasa mah. Nedim Sokak No:17/E Osmangazi
Bursa,"
Central Hotel Bursa
",Bursa,Ulubatli Hasan Bulvari 55
Bursa,"
Safran Hotel
",Bursa,Ortapazar Cadessi
Bursa,"
Otantik Club Hotel
",Bursa,Otantik Club Hotel Botanik Parkı
Bursa,"
Burcman Hotel
",Bursa,Uluyol Kibris sehitleri Cad. No:16
Bursa,"
Baia Hotel Bursa
",Bursa,Yeni Yalova Yolu 9 Km
Bursa,"
Gold Majesty Hotel
",Bursa,Konak Mahallesi Lefkose Caddesi No:7 Nilufer/Bursa
Bursa,"
Tuğçu Otel
",Bursa,"Celal Bayar Cad. No:195, Osmangazi Merkez"
Bursa,"
Bursa Palas Hotel
",Bursa,Cakirhamam Tahtakale Mahallesi Okul Sokak 13/A
Bursa,"
Gönlüferah Otel
",Bursa,1. Murat Cad. No:22
Bursa,"
Hotel Çelik Palas
",Bursa,Çekirge Cad. No:79
Bursa,"
Boyuguzel Termal Hotel
",Bursa,Uludag Caddesi selvi Sokak no:10
Bursa,"
Marigold Termal & Spa Hotel
",Bursa,1 Murat Cad. No.47
Bursa,"
Tiara Termal Hotel
",Bursa,"Cekirge Mah. 1, Murat Cad. No: 5"
Bursa,"
Sheraton Bursa Hotel
",Bursa,Odunluk Mahallesi Akpınar Caddesi
Bursa,"
Almira Hotel
",Bursa,Ulubatli Hasan Bulvar No:5
Bursa,"
Divan Bursa
",Bursa,Kükürtlü Mah. Dr. Rüştü Burlu Cad. No:11
Bursa,"
Aloft
",Bursa,"Odunluk Mahallesi, Akpinar Caddesi"
Bursa,"
İbis Hotel
",Bursa,Altinova Mah Fuar Cad No 67
Sapanca,"
Sarayli Butik Otel
",Sapanca,RÜSTEMPAŞA MAH İPEKYOLU CAD MELİSA SOK N 3
Sapanca,"
Royal Sapanca Otel
",Sapanca,Fatih Mahallesi Fatih Caddesi No 71
Ankara,"
Ibis Ankara Airport
",Ankara,Balikhisar Mah Ozal Bulvari
Nevşehir,"
Dadak Thermal Spa & Wellness Hotel
",Nevşehir,Emek Mahallesi Kaplica Caddesi 198
Nevşehir,"
Viva Otel Kapadokya
",Nevşehir,Yeni Mah. Kayseri Cad. No: 55/1
Iğdır,"
Hotel Imparator
",Iğdır,Igdir Girisi DSI Karsisi
Sarıkamış,"
Bildik Hotel
",Sarıkamış,Gaziler Kolordu Cad. No:34
Sarıkamış,"
Dolina Sarıkamış Otel
",Sarıkamış,Inonu Mah. Bayrak Tepe Kayak Merkezi No: 28
Agri,"
Otel Hatemoglu
",Agri,Cumhuriyet Caddesi 1703 Sokak No : 20/A
Agri,"
Grand Cenas Hotel
",Agri,Erzurum Yolu Uzeri
Doğubeyazıt,"
Golden Hill Hotel
",Doğubeyazıt,Cevre Yolu Uzeri Dogubeyazit
Agri,"
Kilicaslan Otel
",Agri,Kagizman Cad. No:210
Doğubeyazıt,"
Simer Hotel Dogubeyazit
",Doğubeyazıt,Tepe Bag Mevki Iran Yolu 3 Km
Doğubeyazıt,"
Hotel Ararat
",Doğubeyazıt,Belediye Cad. No:24
Doğubeyazıt,"
Zümrüt Otel
",Doğubeyazıt,İstasyon Cad. Toplu İş Hanı Muş Merkez
Bingol,"
Grand Berti Otel
",Bingol,Saray Mah. Elazig-Mus Yolu Cad. No 100
Karaman,"
Aygun Hotel
",Karaman,Ahi Osman Mah. 36. Sok. No 6/1
Karaman,"
Nadir Otel
",Karaman,Ahi Osman Mah 31. Sok. No: 10
Ermenek,"
Selcuklu Otel
",Ermenek,Seyran Mah. Ahmet Kelesoglu Cad.
Karaman,"
Grand Mesut Hotel
",Karaman,Ataturk Mah. Konya yolu 1. Km. No:28
Karaman,"
Demosan Otel
",Karaman,Yesilada Mahmut Cad. No 107
Göreme,"
Melek Cave Hotel
",Göreme,Gaferli Mah. Cevizler Sok. No 28
Göreme,"
göreme city hotel
",Göreme,"Avcilar Mahallesi, Pansiyon Sokak No:3"
Göreme,"
Osmanbey Cave House
",Göreme,Goreme Kasabasi Ali Cavus Sokak No. 5
Göreme,"
Oriental Cave Suites
",Göreme,Roma Kalesi ArkasI No:7
Niğde,"
Nahita Hotel
",Niğde,Emin Erişingil Cad. No19 Niğde Merkez
Ayvalı,"
Gamirasu Cave Hotel
",Ayvalı, 
Niğde,"
Grand Hotel Niğde
",Niğde,Cumhuriyet Meydani
Çamardı,"
Ozsafak Pension
",Çamardı,Çamardı Çukurbag Köyü
Niğde,"
Hotel Celikhan
",Niğde,"Ciftehan, Ulukisla"
Çıftehan,"
Celikhan Thermal Hotel & Spa
",Çıftehan,Ciftehan
Aksaray,"
Otel Ay
",Aksaray,Küçük Langa Cad. Valide Cami Sok. No:30
Aksaray,"
Gözde Otel
",Aksaray,Selim Paşa Sok. No:40
Aksaray,"
Ozbek Hotel
",Aksaray,"Mustafa Kemal Paşa Cad. Tiryaki Hasan Paşa Sok. No 1, Fatih"
Aksaray,"
Hotel Kanada
",Aksaray,İnebey Mah. Küçüklanga Cad. No:4
Aksaray,"
Abaylar Otel
",Aksaray,Karasu Mevkii Petrol Ofisi Istasyonu
Aksaray,"
Örün Otel
",Aksaray,Namık Kemal Cad. Abdullah Çavuş Sok. No:23
Aksaray,"
Hotel Akyıldız
",Aksaray,"Mustafa Kemal Paşa Cad. Langa Bostanları Sok. No:6 Topkapı, Fatih"
Ihlara,"
Ihlara Termal Tatil Koyu
",Ihlara,Guzelyurt Ilcesi Yaprakhisar Koyu Ziga Mevkii
Aksaray,"
Grand Saatçioğlu Otel
",Aksaray,Turizm Cad. Aksaray Merkez
Aksaray,"
Fuar Hotel
",Aksaray,Namık Kemal Cad. Küçük Langa Aralığı No:1
Aksaray,"
Agacli Tesisleri Ihlara Hotel
",Aksaray,Ankara Adana Asfalti E 90 karayolu Uzeri Nevsehir Yol Kavsagi
Aksaray,"
Kuzucular Park Hotel
",Aksaray,Taşpazar Mahallesi 868.Sokak No:68 (Belediye Tiyatro Salonu Yanı)
Nevşehir,"
Explorer Cave Hotel
",Nevşehir,Aydınlı Mah. Kevenci Sok. No:16 Goreme
Nevşehir,"
1001 Gece Hotel
",Nevşehir,Tekeli Mah. No 28 Uchisar
Göreme,"
Imperial Cave Hotel
",Göreme,"Gaferli Mahallesi, Aydinkiragi Mevki, No:34"
Göreme,"
Local Cave House Hotel
",Göreme,Gaferli Mah. Cevizler Sok. No 11
Nevşehir,"
Goreme Camping
",Nevşehir,AcIk hava muze yolu uzeri 300. metre goreme / merkez
Göreme,"
Cappadocia Tourist Hotel
",Göreme,Goreme Acik Hava Muzesi Yolu
Nevşehir,"
Unfa Hotel
",Nevşehir,Sehit Ali Guven Cad. No:12 Derinkuyu
Nevşehir,"
Zumrut Hotel
",Nevşehir,Eski Sanayi Meydani Yeni Postahane Karsisi No: 7 Merkez
Nevşehir,"
Dedeman Kapadokya
",Nevşehir,Ürgüp Yolu 2 Km
Nevşehir,"
Crystal Kaymakli Hotel & Spa
",Nevşehir,Belediye Cad.No:114
Nevşehir,"
Altinoz Hotel
",Nevşehir,Ragip Uner Cad. No:23
Nevşehir,"
Dinler Hotels - Nevşehir
",Nevşehir,Ürgüp Yolu 2. km
Tokat,"
Cavusoglu Tower Hotel
",Tokat,G.O.P. Bulv. Tokat Plaza Is Merkezi No: 172/A
Sivas,"
Sultan Hotel Sivas
",Sivas,Eski Belediye Sok 18
Sivas,"
Otel Fatih
",Sivas,Kurşunlu Cad. No:22 Sivas Merkez
Sivas,"
Pasabey Hotel
",Sivas,Pulur Mh. Arapseyh Cd. No 12
Sivas,"
Köşk Otel
",Sivas,Atatürk Caddesi No: 7
Sivas,"
Sivas Büyük Hotel
",Sivas,Örtülüpınar Mah. İstasyon Cad. Sivas Merkez
Sivas,"
Hotel Nevv
",Sivas,Ataturk Cad. No 96
Sivas,"
Eretna Hotel
",Sivas,Atatürk Caddesi No:36
Sivas,"
Revag Palace Hotel
",Sivas,Ataturk cad. Kepceli mevkii No:91
Boğazkale,"
Baskent Demiralan Hotel
",Boğazkale,Hattusas Mah. Yazilikaya Yolu uzeri No:45 Bogazkale
Yozgat,"
Saffron Hotel
",Yozgat,Sivas Karayolu 13. Km. Yozgat Merkez
Yozgat,"
Galata Çamlık Hotel
",Yozgat,Develik Mah. Çamlık Milli Parkı Yozgat Merkez
Yozgat,"
Grand Eser Otel
",Yozgat,Şeyh Osman Mah. Adnan Menderes Bulv. No:85 Yozgat Merkez
Yozgat,"
Hitit Hotel
",Yozgat,Sakarya Cad. Cumhuriyet Meydani Karsisi No:5
Şereflikoçhisar,"
Yıldırım Hotel
",Şereflikoçhisar,Kale Mah.Ankara Cad. No:5
Göreme,"
Suhan Park
",Göreme,Orta Mah. Uzun Dere Sok. No:25
Uçhisar,"
Kapadokya Lodge Hotel
",Uçhisar,Ürgüp Yolu Uçhisar Yol Kavşağı Uçhisar
Hacıbektaş,"
Evrim Hotel
",Hacıbektaş,Nevsehir Cad. Ataturk Bulvari Terminal Karsisi
Kırşehir,"
Grand Hotel Terme
",Kırşehir,Terme Cd 132
Kırşehir,"
Citak Resort Hotel
",Kırşehir,Yenice Mahalle Terme Caddesi No: 74
Kırşehir,"
Çoşkun Tuna Otel
",Kırşehir,Aşık Paşa Mah. No:33 Kırşehir Merkez
Kırşehir,"
Cingöz Otel
",Kırşehir,Ahi Evran Mah. M. Ali Yapıcı Bulv. No:22/A
Kırşehir,"
Temur Termal Otel
",Kırşehir,Temur Termal Otel Kuşdilli Mah. Yıldırım Beyazit Cad. No:5
Kırşehir,"
Makissos Thermal & SPA Hotel
",Kırşehir,Baglar Basi Mah. Sehit Kerem Aydin Cd. No: 49/51
Çankırı,"
Cankiri Koc Hotel
",Çankırı,Cankiri Ankara Karayolu 2 KM
Çankırı,"
Otel Sim
",Çankırı,Atatürk Bulv. No 42 Çankırı Merkez
Ilgaz,"
Ilgaz Derbent Hotel
",Ilgaz,Ilgaz Dagi Sehitlik Mevkii Cankiri
İznik,"
Iznik Hotel
",İznik,Selcuk Mah. Gol Sahil Yolu No. 22
İznik,"
Grand Hotel Belekoma
",İznik,Gol Sahil Yolu Cd. No:8
Sapanca,"
Uğurlubey Butik Dağ Oteli
",Sapanca,"DibektasI Mahallesi, Yayla Caddesi Yasar Sokak No:2 Kurtkoy Sapanca"
Bilecik,"
Kent Otel
",Bilecik,Merkez No 2 Bilecik Merkez
Çanakkale İli Seyahat,"
Dört Mevsim Suit Otel
",Çanakkale İli Seyahat > ,Barbaros Mah. Binboğa Sok No: 1
Çanakkale İli Seyahat,"
TJ's Hostel
",Çanakkale İli Seyahat > ,Kemal Pasa Mah. Cumhuriyet Cad. No 5/A
Çanakkale İli Seyahat,"
Olive Odore Palace hotel
",Çanakkale İli Seyahat > ,Kucukkuyu
Çanakkale İli Seyahat,"
Cetinkaya Hotel
",Çanakkale İli Seyahat > ,Kemalpasa Mah. Kizilay Sok. 18-19
Çanakkale İli Seyahat,"
Konak Otel
",Çanakkale İli Seyahat > ,Fetvane Sok. No:12 Çanakkale Merkez
Çanakkale İli Seyahat,"
Troy Otel
",Çanakkale İli Seyahat > ,Kadırga Behramkale Köyü
Çanakkale İli Seyahat,"
Hotel Des Etrangers
",Çanakkale İli Seyahat > ,Kemal Pasa Mah. Yali Cad. No:25 D:27 Cevatpasa
Çanakkale İli Seyahat,"
Kale Motel
",Çanakkale İli Seyahat > ,Fatih Mah. Kaleköy Mevki Barbaros Cad. No. 36
Çanakkale İli Seyahat,"
Stalu Otel
",Çanakkale İli Seyahat > ,Yesil Yurt Koyu No 221
Çanakkale İli Seyahat,"
Aşkın Otel
",Çanakkale İli Seyahat > ,"İsmet Paşa Mah. Hasan Mevsut Sok. No:53 Cevatpaşa, Çanakkale Merkez"
Çanakkale İli Seyahat,"
Dedeoğlu Otel
",Çanakkale İli Seyahat > ,Kayalar Alti Mevkii Kucukkuyu Sahil Yolu Uzeri Ayvacik Canakkale
Çanakkale İli Seyahat,"
Aqua Boss Hotel
",Çanakkale İli Seyahat > ,İsmet Paşa Mah. İstiklal Cad. No.91
Çanakkale İli Seyahat,"
Anafartalar Hotel
",Çanakkale İli Seyahat > ,İskele Meydanı Çanakkale Merkez
Çanakkale İli Seyahat,"
Segmen Hotel
",Çanakkale İli Seyahat > ,Devlet Yolu No.56
Çanakkale İli Seyahat,"
İda Kale Resort Otel
",Çanakkale İli Seyahat > ,Mola Cad. No:50 Çanakkale Merkez
Çanakkale İli Seyahat,"
Akol Otel
",Çanakkale İli Seyahat > ,Cevat Paşa Mah. Kordon Boyu Kayserili Ahmet Paşa Cad. Çanakkale Merkez
Çanakkale İli Seyahat,"
Etap Altinel Canakkale
",Çanakkale İli Seyahat > ,GuzelyalI Beldesi
Çanakkale İli Seyahat,"
Parion Hotel
",Çanakkale İli Seyahat > ,Demircioglu Cad. No. 132
Çanakkale İli Seyahat,"
Canak Hotel
",Çanakkale İli Seyahat > ,Cumhuriyet Meydanı Dibek Sok. No 1
Çanakkale İli Seyahat,"
Hotel Limani
",Çanakkale İli Seyahat > ,Kemal Pasa Mah. Yali Cad. No12
Çanakkale İli Seyahat,"
Tusan Hotel
",Çanakkale İli Seyahat > ,"Güzelyalı Köyü İntepe, Çanakkale Merkez"
Çanakkale İli Seyahat,"
Hotel Artur
",Çanakkale İli Seyahat > ,Cumhuriyet Meydanı No:28 Çanakkale Merkez
Çanakkale İli Seyahat,"
Kervansaray Canakkale Hotel
",Çanakkale İli Seyahat > ,Kemal Paşa Mah. Fetvane Sok. No:13 Çanakkale Merkez
Çanakkale İli Seyahat,"
Anzac Hotel
",Çanakkale İli Seyahat > ,Saat Kulesi Meydani 8
Çanakkale İli Seyahat,"
Buyuk Truva Oteli
",Çanakkale İli Seyahat > ,Cevat Paşa Mah. Mehmet Akif Ersoy Cad. No 2
Çanakkale İli Seyahat,"
Kolin Hotel
",Çanakkale İli Seyahat > ,"Boğazkent Mevki Kepez, Çanakkale Merkez"
Çanakkale İli Seyahat,"
Hotel Helen Park
",Çanakkale İli Seyahat > ,Kemalpasa Mah. Tekke Sokak #10
Çanakkale İli Seyahat,"
Hotel Helen
",Çanakkale İli Seyahat > ,Kemalpasa Mah. Cumhuriyet Meydani #57
Çanakkale İli Seyahat,"
Grand Anzac Hotel
",Çanakkale İli Seyahat > ,Kemalyeri St. No:11
Kuzuluk,"
Kuzuluk Termal Otel
",Kuzuluk,Kuzuluk-Beldesi Akyazi
Adapazarı,"
Limapark Hotel
",Adapazarı,Istiklal Mah 2 Cad No 65
Sapanca,"
Sapanca Class Hotel
",Sapanca,GOLBASI MAH. FEVZI CAKMAK CADDESI KANARYA SOKAK NO28
Sapanca,"
Konak Beyzade Butik Otel
",Sapanca,Izmit cad. Yanık koyü No:85
Kartepe,"
Motali Life Hotel
",Kartepe,"Cinarli Mahallesi, Kartepe Caddesi, No:38 Masukiye Mevkii / Kartepe"
Sapanca,"
Sapanca Aqua Otel
",Sapanca,Sönmez Cad. No:47 Sapanca Merkez
Kartepe,"
Bungalow Hotel Cansu
",Kartepe,"Soguksu mah, masukiye Kartepe"
Sapanca,"
Room Room Hotel
",Sapanca,Hasan Pasa Mah. Istasyon Cad. No:46 Kirkpinar/Sapanca
Adapazarı,"
Garden Altinova Hotel
",Adapazarı,Muhsin Yazicioglu Bulvari No:57 Serdivan
Sapanca,"
Sau Kirkpinar Uygulama Hotel
",Sapanca,Soguksu Mah. Bagdat Cad. Taskin Sok.Kirkpinar
Sapanca,"
Club Otel Lale
",Sapanca,Göl Kenarı Mevki Özkum Cad. No:17 Sapanca Merkez
Adapazarı,"
The Riada Hotel
",Adapazarı,Yenidogan Mah. Ana Sok. No:49
Adapazarı,"
Elmas Garden Inn
",Adapazarı,"Sakarya Cad. No: 228, Erenler"
Adapazarı,"
Ottoman Hotel
",Adapazarı,Yenigun mah. Yeni Camii Bulv. Palmiye Cad no 120
Karasu,"
Aqua Park Otel
",Karasu,Karasu Kocaeli Yolu Karasu Merkez
Karasu,"
Carpediem Diamond Hotel
",Karasu,Lozan Cad. Asagi Aziziye Mah.
Adapazarı,"
Hotel Arya
",Adapazarı,Yahyalar Mah. Çeşme Meydanı Cad. No16 Adapazarı Merkez
Adapazarı,"
Baltürk Otel
",Adapazarı,Ankara Caddesi No 53
Adapazarı,"
Seckin Hotel
",Adapazarı,Erenler Mahallesi Yeni Sakarya Cad. 348
Sapanca,"
Richmond Nua Wellness Spa
",Sapanca,Rüstem Paşa Mah. Sahil Yolu Mevki
Sapanca,"
NG Sapanca Wellness & Convention
",Sapanca,Tepebaşı Mah. Şehit Cevdet Koç Cad.
İstanbul Oda ve Kahvaltı / Pansiyon,"
Orya Hotel
",> Sisli,Tesvikiye Mah. Ferah Sk. No: 33
İstanbul Otelleri,"
Hotel İshakpaşa Konağı
",> Sultanahmet,"İshak Paşa Cad. No:15 Sultanahmet, Fatih"
İstanbul Otelleri,"
Golden Crown Hotel
",> Sultanahmet,Binbirdirek Mah. Piyerloti Cad. No:10 Çemberlitaş
İstanbul Özel Konaklamalar,"
#bunk taksim
",> Sisli,Inonu Mahallesi Papa Roncalli Sokak No: 34 Sisli
Yalova,"
Thermalium Wellness Park Otel
",Yalova,Üvezpınar Mah. Dr. Asuman Bey Cad. No:84/A
Yalova,"
Grand Karot Hotel
",Yalova,Gazi Pasa Cd. No:2 Heykel
Yalova,"
Erdilli Termal Otel
",Yalova,Kaplıcalar Mevki No:1 Armutlu
Yalova,"
Grand Aydogan Hotel
",Yalova,Eski Koy Mevkii Eski Termal Yolu No:1 Kadikoy
Altınova,"
Elegance Resort Otel
",Altınova,Topçular Mevki Tavşanlı
Termal,"
Blackbird Thermal Hotel & Spa
",Termal,Gokcedere Mah. Ataturk Caddesi No 30/A
Kıyıköy,"
Hotel Endorfina - Kiyikoy
",Kıyıköy,Manastir Ustu KIyIkoy Vize Kirklareli
Kıyıköy,"
Marina Hotel
",Kıyıköy,Guven Mahallesi Sumbul S No:3 Kiyikoy/Vize
İğneada,"
İğneada Resort Hotel & Spa
",İğneada,Deniz Mah. No:3
Lüleburgaz,"
Ezgi Resort Hotel
",Lüleburgaz,"Dere mahallesi, Edirne AsfaltI Kume Evler No:7"
Kırklareli,"
Royal Bilgiç Hotel
",Kırklareli,Karakaş Mah. Babaeski Yolu Üzeri 1.Km
Keşan,"
Şapçı Prestige Otel
",Keşan,Demirciler Cad. No:18 Keşan Merkez
Lyubimets,"
Hotel Fantasy
",Lyubimets,1 Zheliazko Terpeshev Str
Uzunkopru,"
Hotel Karaca
",Uzunkopru,Inonu Cad. No: 167
Svilengrad,"
Romantica Princess Spa Hotel
",Svilengrad,4 Dragan Tsankov Str
Evros Region,"
Eurothirama
",Evros Region > ,Pentalofos Evros
Keşan,"
Siginak Hotel
",Keşan,Ibrice Liman Yolu No 64
Edirne,"
Limon Hostel
",Edirne,Mithatpasa Mahallesi Gazeteci Mehmet Karagoz Sokak Kaleici
Edirne,"
Londra Camping Hotel
",Edirne,kapıkule gümrük kapısı
Edirne,"
Hotel Balta
",Edirne,Talat Paşa Caddesi No 104 Merkez
Edirne,"
Unisite
",Edirne,Şükrü Paşa Mahallesi Şerif Bilgen Caddesi Ayşekadın
Edirne,"
Hotel Saban Açıkgöz
",Edirne,Tahmis Meydanı Çilingirler Caddesi No:9
Edirne,"
Sultan Hotel Restaurant
",Edirne,Talat Pasa Asfalti No 42
Edirne,"
Otel Açıkgöz
",Edirne,Tüfekçiler Çarşısı No 54
Edirne,"
Park Hotel Edirne
",Edirne,Maarif Cad No 2
Edirne,"
Antik Hotel Edirne
",Edirne,Maarif Cad. Bankalar Sok. No 6
Edirne,"
Saray Otel
",Edirne,Sabuni Mah. Eski İstanbul Cad. No 28
Edirne,"
Trakya City Hotel
",Edirne,Sabuni Mahallesi Mehmetaga Sokak No: 21
Edirne,"
EFE Hotel Edirne
",Edirne,Maarif Street No 13 Kaleici
Edirne,"
Selimiye Tasodalar Hotel
",Edirne,Selimiye Camii Arkasi Hamam Sok. 3
Edirne,"
Margi Hotel
",Edirne,1. Murat Mahallesi Talatpaşa Caddesi
Muş,"
Yücesoy Otel
",Muş,Atatürk Bulv. İstasyon Cad. No:16 Muş Merkez
Muş,"
Ozcanlar Hotel
",Muş,Erzurum Yolu 2 km
Siirt,"
Barden Hotel
",Siirt,Kooperatif Mah. Hukumet Blv. Cd. No:126
Elazığ,"
Subartu Hotel
",Elazığ,"Yıldız Bağları Mah. Bahçe Sok. No 22 İzzetpaşa, Elazığ Merkez"
Pertek,"
Pertek Termal Hotel
",Pertek,Feribot iskelesi yanı Kaledibi Mah
Karadut,"
Nemrut Kervansaray
",Karadut,Karadut Koyu
Batman,"
Bato Termal Hotel
",Batman,Malabadi Kavsagi Taslidere Mevkii 8 KM
Batman,"
Mesa Hotel
",Batman,Safak Mah. Ahmet Arif Bulvari 5. Cad. No:141
Batman,"
Asko Hotel
",Batman,Pınarbaşı Mah. Turgut Özal Bulv. Diyarbakır Cad. No. 231
Batman,"
Grand Hasankeyf Hotel
",Batman,Atatürk Bulvarı No:155
Batman,"
Hotel İzgi Turhan
",Batman,Turgut Özal Bulv. No:260 Batman Merkez
Batman,"
Bozooğulları Hotel
",Batman,"Gap Mah. Diyarbakır Cad. No.1 Gap,"
Batman,"
Real Konak Hotel
",Batman,Gap Mah. 2519. Sk. No. 2
Adıyaman,"
Samos Otel
",Adıyaman,ATATÜRK BULVARI NO 328/A ADIYAMAN
Kahta,"
Otel Kommagene
",Kahta,Mustafa Kemal Cad. Yeni Diyarbakır Yolu Kahta Merkez
Adıyaman,"
Hotel Nemrut
",Adıyaman,Mustafa Kemal Cd. 61
Kahta,"
Zeus Hotel
",Kahta,M. Kemal Caddesi No: 20
Kahta,"
Euphrat Hotel
",Kahta,Nemrut Dagi
Adıyaman,"
Bozdogan Otel
",Adıyaman,Atatürk Bulv. No 108
Adıyaman,"
Hotel Arsames
",Adıyaman,Ataturk Bulvari No 327
Adıyaman,"
Otel Grand İsias
",Adıyaman,Atatürk Bulv. No:220/A
Adıyaman,"
Hotel Grand Iskender
",Adıyaman,Ataturk Bulvari Valilik Yani No 4
Kahta,"
Karadut Pansiyon
",Kahta,Karadur Köyü No:127 Kahta Merkez
Sarıkamış,"
Snowflake Dağ Oteli
",Sarıkamış,"Inonu Mah. Bayraktepe Kayak Merkezi, No:48"
Kars,"
Karabağ Hotel
",Kars,Faikbey Caddesi No: 142
Sarıkamış,"
Sarıkamış Toprak Hotel
",Sarıkamış,Cibiltepe Mevki Sarıkamış Merkez
Kars,"
Sim-Er Hotel
",Kars,Eski Erzurum Yolu Su Kapi Meckii No:187
Kars,"
Camkar Otel
",Kars,Cıbıl Tepe Kayak Tesisleri
Kars,"
Cheltikov Hotel
",Kars,Yusuf Pasa Mahallesi Sehit Hulusi Aytekin Caddesi No:63 Kars / Merkez
Akhaltsikhe,"
Hotel Almi
",Akhaltsikhe,Sulkhan-Saba St. 11
Kars,"
Grand Anı Hotel
",Kars,"Yeni Mh., Ordu Cd No:115"
Kars,"
Hotel Temel
",Kars,Yeni Pazar Cad.
Akhaltsikhe,"
Hotel Prestige
",Akhaltsikhe,76 Rustaveli str.
Akhaltsikhe,"
Gino Wellness Rabath Hotel and Spa
",Akhaltsikhe,"Kharischirashvili St., 1"
Akyaka,"
Orkide Apart Hotel
",Akyaka,Ataturk Cad. No:8 Akyaka
Akyaka,"
Pandispanya Apart Pansiyon
",Akyaka,"Karanfil Sok. 18 Akyaka, Ula"
Ardahan,"
Kafkas Ari Hotel
",Ardahan,Kaptan Pasa Mah. Cumhuriyet Cad No: 87
Elazığ,"
Mayd Otel
",Elazığ,İzzet Paşa Mah. Horosan Sok. No:11 D:101 Elazığ Merkez
Elazığ,"
Ilbey Hotel
",Elazığ,Gazi Cd. Nailbey Mah. No.3
Elazığ,"
Akgun Elazig Hotel
",Elazığ,Bahçelievler Üniversite Mah. Şehit Korgeneral Hulusi Sayın Cad. No 20 Elazığ Merkez
Gümüşhane,"
Cimenler Hotel
",Gümüşhane,KazIm Karabekir caddesi No:4
Tunceli,"
Grand Saroglu Hotel
",Tunceli,"Mogultay Mahallesi, Behice Boran Cd. No 20"
Erzincan,"
Gulistan Resort Hotel
",Erzincan,Inonu Mah. 17. Sok. No:5
Erzincan,"
Otel Konak Mazlum
",Erzincan,Halit Paşa Cad. SSK Kavşağı No:52 Erzincan Merkez
Erzincan,"
Meva Hotel
",Erzincan,Halitpaşa Caddesi Belediye Sarayı Karşısı No:1
Erzincan,"
Büyük Erzincan Otel
",Erzincan,Erzurum Karayolu Erzincan Merkez
Erzincan,"
Grand Simay Hotel
",Erzincan,Halitpasa Caddesi 53
Erzincan,"
Eriza Boutique Hotel
",Erzincan,"13 Şubat Cad. No:6 Akşemsettın, Erzincan Merkez"
Tatvan,"
Mostar Hotel
",Tatvan,Cumhuriyet cad No: 244
Tatvan,"
Hotel Dinc
",Tatvan,Sahil Mah Isletme Cad. No 9
Güroymak,"
Grand Yuksel Otel
",Güroymak,Mus BulvarI No:47
Tatvan,"
Hotel Tatvan Kardelen
",Tatvan,Cumhuriyet Cad. No 229
